{
  "model": "lib/accident_prediction/models/cnn_baseline.h5",
  "classes": [
    "crash_like",
    "high_risk",
    "safe",
    "warning"
  ],
  "classification_report": {
    "crash_like": {
      "precision": 1.0,
      "recall": 1.0,
      "f1-score": 1.0,
      "support": 9.0
    },
    "high_risk": {
      "precision": 1.0,
      "recall": 1.0,
      "f1-score": 1.0,
      "support": 494.0
    },
    "safe": {
      "precision": 1.0,
      "recall": 0.989247311827957,
      "f1-score": 0.9945945945945946,
      "support": 651.0
    },
    "warning": {
      "precision": 0.9875222816399287,
      "recall": 1.0,
      "f1-score": 0.9937219730941704,
      "support": 554.0
    },
    "accuracy": 0.9959016393442623,
    "macro avg": {
      "precision": 0.9968805704099821,
      "recall": 0.9973118279569892,
      "f1-score": 0.9970791419221913,
      "support": 1708.0
    },
    "weighted avg": {
      "precision": 0.9959527775342626,
      "recall": 0.9959016393442623,
      "f1-score": 0.9959034275030748,
      "support": 1708.0
    }
  },
  "confusion_matrix": [
    [
      9,
      0,
      0,
      0
    ],
    [
      0,
      494,
      0,
      0
    ],
    [
      0,
      0,
      644,
      7
    ],
    [
      0,
      0,
      0,
      554
    ]
  ]
}